dataset,cindex_cv,accuracy_cv
Variants,"(0.5873243701355568, 0.009123142958501142)","(0.8189699043607966, 0.022690351274965725)"
Gene_id,"(0.6587132712657046, 0.02822441203895427)","(0.9220789096545875, 0.009826801916178404)"
CNV,"(0.5410965861761021, 0.030119940691048487)","(0.5271036237606387, 0.02907463428389325)"
Clinical_vars,"(0.6301618090262955, 0.04366009851550747)","(0.5240706618700828, 0.07323758454321656)"
Combined,"(0.6749846476299327, 0.03040859782220207)","(0.91750168172911, 0.010358316698324606)"
