,dataset,cindex_cv,accuracy_cv
0,Combined,"(0.6326367252743724, 0.06019896826981443)","(0.9213126261296832, 0.013360910062870334)"
1,cnv,"(0.5032063579450671, 0.02562708788135413)","(0.37895352578163843, 0.05148946221585975)"
2,gene_expression,"(0.547295314850817, 0.014651967171073232)","(0.9297154221871253, 0.00787621954521315)"
3,clinical,"(0.6150057924596545, 0.06101616652718026)","(0.2560176654675207, 0.11972090373743338)"
4,variants,"(0.6007352000737418, 0.03162762674312723)","(0.7937117955017403, 0.021848997159984625)"
